Quintin,Medwid,10180,qm@gmail.com
Fabia,Rastall,12736,fr@gmail.com
Philippe,Umbel,12345,pumbel@gmail.com
Dolores,Johnson,23451,dottie@gmail.com
Alyssa,Mands,34512,am@gmail.com
Ulla,Kroczak,45123,uk@gmail.com
Rocio,Spragg,51234,rs@gmail.com
William,Lippka,13541,wl@gmail.com
Julianna,Misiorek,13782,jm@gmail.com
Leila,Luttrell,16051,ll@gmail.com
Sefton,Najdala,17803,sn@gmail.com
Afton,Mund,18830,afton@gmail.com
Kyle,Hansen,19448,kn@gmail.com
Blakely,Haavisto,20206,bh@gmail.com
Tuomi,Pokigo,20675,tpokigo@gmail.com
Mana,Drewas,20878,md@gmail.com
Ranita,Arnold,23712,ra@gmail.com
Lesley,Dworak,23726,ld@gmail.com
Brown,Klinski,24086,bk@gmail.com
Abraham,Palcoski,26717,ap@gmail.com
Yumiko,Gravity,29600,yg@gmail.com
Vance,Hadwich,29931,vh@gmail.com
Cory,Blachura,30324,gb@gmail.com
Esteri,Abe,30813,ea@gmail.com
Saral,Van Doren,31583,svd@gmail.com
Anu,Hammer,32781,ah@gmail.com
Radford,Dmowski,33029,rd@gmail.com
Bożydar,Griffin,34943,bg@gmail.com
Padraig,Faingold,36307,pf@gmail.com
Kimmy,Dulemba,36634,kd@gmail.com
Onufry,Saguill,37569,os@gmail.com
Cora,Indyke,38986,ci@gmail.com
Alton,Chikos,39214,ac@gmail.com
Rafe,Vale,39577,rv@gmail.com
Pureza,Blanchet,39602,pb@gmail.com
Mikaela,Stasiuk,41307,ms@gmail.com
Shoichi,Korp,42108,sk@gmail.com
Aurelie,Coulthard,43461,acool@gmail.com
Aadolf,Ćiężki,44392,aadolf@gmail.com
Gioconda,Morley,45003,gm@gmail.com
Mayo,Possalt,46465,mp@gmail.com
Rosario,Kettle,49112,rk@gmail.com
Joab,Hilpert,49300,jh@gmail.com
Obie,Matusiak,50541,om@gmail.com
Charlton,Macauley,51589,cm@gmail.com
Giuseppe,Nikiel,52684,gn@gmail.com
Madhukar,Choynski,53557,mc@gmail.com
Nick,Zagorda,53608,nz@gmail.com
Lamont,Labecki,53920,llabecki@gmail.com
Ulrica,Leader,54240,ul@gmail.com
Ronny,Hoyle,55664,rh@gmail.com
Lolita,Bloniak,56145,lb@gmail.com
Farnell,Wealth,56479,fw@gmail.com
Paulina,Puigdemuls,57446,paulina@gmail.com
Laurelle,Oslaszewski,59611,lo@gmail.com
Mariusz,Kapinos,60307,mk@gmail.com
Sandra,O'Brien,63078,so@gmail.com
Payge,Kiliszewski,63879,pk@gmail.com
Pedro,Rosenbaum,64198,pr@gmail.com
Donata,Vargin,64200,dv@gmail.com
Ignace,Grund,64242,ig@gmail.com
Kazuo,Landman,66425,kl@gmail.com
Filip,Axe,67394,fa@gmail.com
Alaqua,Hinds,68324,ahinds@gmail.com
Gaea,Castle,68658,gc@gmail.com
Quentin,Kelvin,68918,qk@gmail.com
Bogusław,Cardew,69248,bc@gmail.com
Connor,Pasciak,70055,cp@gmail.com
Lily,Yasmin,70438,ly@gmail.com
Loredana,Anderson,71174,la@gmail.com
Valdemar,Nikkanen,71718,vn@gmail.com
Ulmer,Fraught,72876,uf@gmail.com
Pia,Markkala,72985,pm@gmail.com
Courtney,Trough,73004,ct@gmail.com
Tarmo,Cornish,73254,tc@gmail.com
Alisha,Lee,75886,al@gmail.com
Carlos,Barnes,76521,cb@gmail.com
William,Krugiołka,77425,wk@gmail.com
Kinnell,Willis,77599,kw@gmail.com
Jamar,Slatowski,77795,js@gmail.com
Fermin,Klose,79584,fk@gmail.com
Cook,Mehalco,79632,cook@gmail.com
Tamera,Sanz,80269,ts@gmail.com
Ilphas,Dalamin,81064,id@gmail.com
Imizael,Enxina,82149,ie@gmail.com
Folre,Robanise,82545,frobanise@gmail.com
Jassin,Keyvyre,82870,jk@gmail.com
Alanis,Encaryn,83807,ae@gmail.com
Falenas,Qisandoral,85664,fq@gmail.com
Kailu,Joric,85749,kj@gmail.com
Halueve,Joran,86407,hj@gmail.com
Aerendyl,Dorlynn,86527,ad@gmail.com
Rhalyf,Faemenor,87458,rf@gmail.com
Jules,Peterson,89046,jp@gmail.com
Paige,Smith,91364,ps@gmail.com
Flynn,McMasters,93859,fm@gmail.com
Han,Jiang,94177,hjiang@gmail.com
Zhong,Guiren,95360,zg@gmail.com
Furifar,Muhoge,96307,fmuhoge@gmail.com
Samara,Mwamau,96903,sm@gmail.com